9, 3, 4, 7, 57
90, 81, 4, 25, 86, 44, 74, 17


3, 12, 7, 1, 15, 39




9, 7

9, 3, 4, 24, 7, 1

3, 7
3, 4
3, 9, 4, 7
9, 46, 3, 4, 7
3, 4, 7
46, 9, 3, 4, 7
3, 9, 4, 7

3, 46, 9, 7


87, 48, 45, 15, 71, 2
9, 7, 3, 4
3, 4, 7
46, 9, 3, 4, 87, 7, 6
3, 87, 4, 7
3, 4, 8
9, 3, 4, 1


3, 9, 4, 7
7, 3
46, 4, 7

9

9, 3, 4, 7
46, 9, 3, 4, 1
9, 3, 7, 91
3, 48, 9, 46, 4, 7

3
3, 91, 9, 4, 40, 7, 45
7, 3, 4
9, 3, 7, 2
3, 9, 7
3, 16, 46, 9, 4, 56, 7, 77, 45
71
9, 3, 4, 7
9, 87, 3, 7, 1
87, 36, 8, 6
9, 3
3, 46, 9, 4, 7
3, 7
3, 9, 68, 7
7, 4



3, 4, 87, 19

3, 48, 4, 7, 45
9, 3, 7, 1
1
29, 16, 4, 44, 74, 17, 69
87, 4, 41, 7, 6
9, 3
46, 9, 3, 4, 7

46, 9, 3, 4, 7, 91
9, 3, 4, 7, 2


117, 17, 45, 48
48, 45, 125, 69, 12, 32, 81, 2, 1, 7, 25, 39, 21, 15, 17, 86, 14, 74, 75

46, 3, 4
3, 57, 7
3, 7
79, 50, 92
3
3, 7, 90, 2
3, 81, 7

3, 78, 9, 87, 4, 7
9, 3, 7
3, 9, 4, 7
81, 9, 79, 4, 15, 25, 44, 74, 68, 5, 7, 52

69, 3, 7, 1, 45




9, 3, 4, 7
3, 7, 57

2, 16
3, 91, 9, 4, 58, 7
7, 3
3, 7, 2
3, 74, 7

46, 9, 3, 4, 7
9, 3, 4, 74

9, 3, 4, 7
74
9, 3, 4, 7, 81
46, 9, 3, 4, 7
9, 3, 4, 7
3, 4, 7
9, 3, 4
40, 3, 7
3, 4, 7, 45
3, 7
3, 7, 91


1, 2
3, 46, 9, 4, 8, 7, 6, 1

