www.wikihow.com, www.gonift.com, www.gonift.com, www.gonift.com, knowhow.napaonline.com, autorepair.about.com, autorepair.about.com, www.carsdirect.com, ru.wikihow.com, www.wikihow.it, fr.wikihow.com, ar.wikihow.com, www.pinterest.com, www.instagram.com, www.tiktok.com, www.facebook.com, twitter.com, www.youtube.com
www.quora.com
techtirerepairs.com
www.quora.com
www.mach1services.com
germaniainsurance.com, classic.germaniaconnect.com, classic.germaniaconnect.com, policyholders.germaniaconnect.com, policyholders.germaniaconnect.com, germania-ciam.okta.com, classic.germaniaconnect.com, classic.germaniaconnect.com, classic.germaniaconnect.com, www.thedrive.com, roadsumo.com, www.autoguide.com, www.facebook.com, www.linkedin.com, policyholders.germaniaconnect.com, germaniacreditunion.com, www.facebook.com, www.linkedin.com, twitter.com, www.instagram.com, www.brandtackle.com
www.amfam.com, injuryfacts.nsc.org, www.ncsl.org, www.ghsa.org, www.ghsa.org, www.iii.org, chat-ui.amfam.com, newsroom.amfam.com, newsroom.amfam.com, apps.apple.com, play.google.com, www.facebook.com, www.twitter.com, www.youtube.com, www.pinterest.com, www.linkedin.com, instagram.com, www.digicert.com, b2b.amfam.com
www.progressive.comwww.sullivantire.com, www.facebook.com, www.twitter.com, www.youtube.com, www.pintrest.com, twitter.com, www.facebook.com, www.ustires.org, www.tireindustry.org, www.tireindustry.org, www.ustires.org, www.ustires.org, www.tireindustry.org, www.ustires.org, www.tireindustry.org, www.sullivantirewholesale.com, www.facebook.com, www.instagram.com, www.twitter.com, www.linkedin.com, www.youtube.com, portal.sullivantire.com
www.bicycling.com, shop.bicycling.com, shop.bicycling.com, www.hearst.com, www.hearst.com, shop.bicycling.com, www.amazon.com, www.amazon.com, go.redirectingat.com, go.redirectingat.com, www.amazon.com, www.amazon.com, goto.walmart.com, www.amazon.com, www.amazon.com, goto.walmart.com, go.redirectingat.com, go.redirectingat.com, www.amazon.com, www.amazon.com, go.redirectingat.com, go.redirectingat.com, www.amazon.com, www.amazon.com, www.notubes.com, www.notubes.com, www.dynaplug.com, www.dynaplug.com, twitter.com, www.tiktok.com, www.youtube.com, www.facebook.com, www.instagram.com, www.pinterest.com, www.hearst.com, subscribe.hearstmags.com, shop.bicycling.com, subscribe.hearstmags.com, www.hearst.com, www.hearst.com, www.hearst.com, www.hearst.com, www.hearst.com
www.tires-easy.com, www.goodyear.com, www.facebook.com, www.youtube.com, twitter.com, www.instagram.com, ro.pinterest.com, register.cimstireregistration.com, register.cimstireregistration.com
blog.napacanada.com, www.napacanada.com, www.napacanada.com, www.napacanada.com, www.napacanada.com, www.napacanada.com, www.napacanada.com, www.napacanada.com, www.napacanada.com, www.napacanada.com, www.napacanada.com, www.napacanada.com, www.napacanada.com, www.napacanada.com, www.napacanada.com, www.napacanada.com, www.napacanada.com, www.napacanada.com, www.napacanada.com, www.napacanada.com, www.napaautopro.com, www.napacanada.com, www.napacanada.com, www.napacanada.com, www.napacanada.com, www.napacanada.com, www.napacanada.com, www.facebook.com, twitter.com, www.youtube.com, www.instagram.com, www.facebook.com, twitter.com, www.ritewaytowingnyc.com, i-5trucktrailerrepair.com, towingbee.com, www.thelightwire.com, www.myyttilukukansasta.fi, gotechmantra.com, elitetowingcg.com, www.napacanada.com, www.napacanada.com, www.napacanada.com, www.napacanada.com, www.napacanada.com, www.napacanada.com, www.napacanada.com, www.napacanada.com, www.napacanada.com, www.napacanada.com, www.napacanada.com, www.napacanada.com, www.napacanada.com, www.napacanada.com, www.napacanada.com, www.napacanada.com, www.napacanada.com, www.napacanada.com, www.traction.com, www.napaautopro.com, www.truckpro.ca, www.napaonline.com, www.uapinc.com, www.uapinc.com, www.traction.com, www.napaautopro.com, www.facebook.com, twitter.com, www.youtube.com, www.instagram.com, www.napacanada.com, www.napacanada.com, www.napacanada.com, www.napacanada.com, www.napacanada.com, www.napacanada.com
www.bridgestonetire.com, home-c14.incontact.com, www.bridgestonetire.ca, www.bridgestonetire.ca, www.bridgestonetire.ca, www.bridgestonetire.ca, www.bridgestoneamericas.com, bebridgestone.com, www.bridgestoneamericas.com, www.bridgestoneamericas.com, home-c14.incontact.com, www.bridgestonetire.ca, www.bridgestonetire.ca, www.facebook.com, twitter.com, www.youtube.com, www.instagram.com, home-c14.incontact.com
www.rei.com
velosurance.com
www.lesschwab.com, www.google.com, www.google.com, www.google.com, www.google.com, www.youtube.com, www.facebook.com, www.twitter.com, www.youtube.com, www.instagram.com
www.millerautoplaza.com, www.cloudflare.com
knowhow.napaonline.com
www.fixaflat.com, twitter.com, www.facebook.com, www.youtube.com, instagram.com, careers.itw.com
www.trekchicago.com, www.eventbrite.com, www.eventbrite.com, www.trekbikes.com, www.trekbikes.com, www.trekbikes.com, www.trekbikes.com, www.trekbikes.com, www.klarna.com, www.facebook.com, www.facebook.com
carfromjapan.com, cheap-used-cars-for-sale, how-to-buy, testimonials, cfj-local, cheap-used-cars-for-sale
www.pirelli.com, www.prometeon.com, pirellicalendar.pirelli.com, www.pirellidesign.com, www.fondazionepirelli.org, www.hangarbicocca.org, corporate.pirelli.com, my.pirelli.com, www.facebook.com, twitter.com, www.youtube.com, www.linkedin.com, www.instagram.com, corporate.pirelli.com, corporate.pirelli.com
www.popularmechanics.com, shop.popularmechanics.com, shop.popularmechanics.com, www.hearst.com, www.hearst.com, shop.popularmechanics.com, www.amazon.com, www.amazon.com, www.amazon.com, goto.walmart.com, twitter.com, www.tiktok.com, www.youtube.com, www.facebook.com, www.instagram.com, www.pinterest.com, www.popularmechanicsmediakit.com, www.hearst.com, shop.popularmechanics.com, subscribe.hearstmags.com, subscribe.hearstmags.com, www.hearst.com, www.hearst.com, www.hearst.com, www.hearst.com, www.hearst.com
www.azdiyguy.com, mailchi.mp, mailchi.mp, en.wikipedia.org, az-diy-guy.squarespace.com, www.facebook.com, twitter.com, instagram.com, www.pinterest.com, www.youtube.com, mailchi.mp, AMAZON.COM, Amazon.com, www.facebook.com, www.amazon.com, www.amazon.com, www.amazon.com, www.facebook.com, twitter.com, instagram.com, www.pinterest.com, www.youtube.com
www.rac.co.uk, www.ractyres.co.uk, www.racshop.co.uk, www.racshop.co.uk, www.raccars.co.uk, www.racshop.co.uk, www.racshop.co.uk, www.racshop.co.uk, www.ractyres.co.uk, www.racshop.co.uk, www.racshop.co.uk, www.racshop.co.uk, www.racshop.co.uk, www.racshop.co.uk, www.racshop.co.uk, www.racshop.co.uk, www.racshop.co.uk, www.racshop.co.uk, www.racshop.co.uk, www.raccars.co.uk, www.raccars.co.uk, www.raccars.co.uk, www.raccars.co.uk, www.raccars.co.uk, forum.rac.co.uk, disqus.com, www.rac-careers.com, media.rac.co.uk, www.raccorporate.co.uk, www.racbenefits.co.uk, www.facebook.com, twitter.com, www.youtube.com, www.linkedin.com, www.instagram.com
www.pepboys.com
blog.clutch.ca, www.clutch.ca, www.clutch.ca, www.clutch.ca, www.clutch.ca, www.clutch.ca, www.clutch.ca, www.instagram.com, www.tirebuyer.com, cars.costhelper.com, www.tireindustry.org, www.clutch.ca, www.clutch.ca, www.clutch.ca, www.clutch.ca, www.clutch.ca, www.clutch.ca, www.clutch.ca, www.clutch.ca, www.clutch.ca, www.clutch.ca, www.clutch.ca, www.clutch.ca, www.clutch.ca, www.clutch.ca, www.facebook.com, www.twitter.com, www.instagram.com, www.messenger.com
www.kaltire.com, jobs.jobvite.com, jobs.jobvite.com, commercial.kaltire.com, commercial.kaltire.com, commercial.kaltire.com, commercial.kaltire.com, commercial.kaltire.com, commercial.kaltire.com, commercial.kaltire.com, www.kaltiremining.com, www.kaltiremining.com, www.kaltiremining.com, www.kaltiremining.com, www.kaltiremining.com, www.facebook.com, ca.linkedin.com, www.youtube.com, www.instagram.com, jobs.jobvite.com, commercial.kaltire.com, www.kaltiremining.com, www.facebook.com, ca.linkedin.com, www.youtube.com, www.instagram.com
www.digitaltrends.com, www.youtube.com, www.youtube.com, theangle.digitaltrends.com, www.123rf.com, www.themanual.com, www.thoughtco.com, twitter.com, www.facebook.com, www.instagram.com, twitter.com, www.youtube.com, www.pinterest.com, www.linkedin.com, www.tiktok.com, downloads.digitaltrends.com, www.adcetera.com, es.digitaltrends.com, www.dtmg.co, www.dtmg.co, www.dtadsolutions.com, www.dtmg.co, www.dtmg.co, www.dtmg.co, www.dtmg.co, privacyportal.onetrust.com, www.dtmg.co, www.dtmg.co
selleanatomica.com, www.coach-darryl.com, twitter.com, www.facebook.com, pinterest.com, plus.google.com, disqus.com, partners.selleanatomica.com, twitter.com, www.facebook.com, vimeo.com, www.instagram.com, www.shopify.com
www.chapelhilltire.com, promotions.chapelhilltire.com, promotions.chapelhilltire.com, www.facebook.com, twitter.com, www.instagram.com, www.linkedin.com, www.tiktok.com, apps.apple.com, play.google.com, ulfric.digitalmarketingsys.com:2096
www.utires.com, artsautomotive.com, autorepair.about.com, autorepair.about.com, classic.artsautomotive.com, digitalscholarship.unlv.edu, diy-auto-repair.wonderhowto.com, epa.gov, forum.roadfly.com, icesjms.oxfordjournals.org, ijoh.tums.ac.ir, link.springer.com, skeptics.stackexchange.com, tires.about.com, txtire.com, www.allpar.com, www.autos.com, www.blackjacktirerepair.com, www.carsdirect.com, www.continental-corporation.com, www.continental-tires.com, www.ebay.com, www.ebay.com, www.evolutionm.net, www.fountaintire.com, www.grainger.com, www.michelinman.com, www.moderntiredealer.com, www.motorweek.org, www.paddlenepal.com, www.patchrubber.com, www.patchrubber.com, www.pepboys.com, www.rma.org, www.sciencedirect.com, www.team-bhp.com, www.tirebusiness.com, www.tireindustry.org, www.tirerack.com, www.tirereview.com, www.washingtonpost.com, www.wikihow.com, www.wikihow.com, answers.yahoo.com, www.jiffylube.com, www.kaltire.com, www.facebook.com, www.instagram.com, www.youtube.com
www.tirerack.com
eleglide.com, www.instagram.com, www.facebook.com, www.youtube.com, twitter.com, www.facebook.com, instagram.com, twitter.com, policies.google.com, policies.google.com, eleglide.goaffpro.com, www.facebook.com, www.instagram.com, twitter.com, www.youtube.com, www.trustpilot.com, www.shopify.com
www.goodyear.com, corporate.goodyear.com, jobs.goodyear.com, www.facebook.com, twitter.com, www.youtube.com, www.linkedin.com, www.instagram.com, privacyportal.onetrust.com
www.repairsmith.com, support.repairsmith.com, www.forbes.com, www.facebook.com, twitter.com, www.linkedin.com, contact.repairsmith.com, fleet.repairsmith.com, properties.repairsmith.com, employers.repairsmith.com, www.facebook.com, www.instagram.com, twitter.com, www.pinterest.com, www.youtube.com, www.linkedin.com
www.hagerty.com, insider.hagerty.com, www.hagerty.co.uk, account.hagerty.com, investor.hagerty.com, submit-irm.trustarc.com, corporate.hagerty.com, www.facebook.com, www.instagram.com, www.linkedin.com, twitter.com, www.youtube.com
www.bigbrandtire.com
www.firestonecompleteautocare.com, local.firestonecompleteautocare.com, www.firestoneracing.com, www.bridgestoneamericas.com, www.bebridgestone.com, www.buyatab.com, local.firestonecompleteautocare.com, local.firestonedirect.com, vehicle.firestonecompleteautocare.com, www.cfna.com, www.buyatab.com, www.facebook.com, twitter.com, www.instagram.com, www.bridgestoneamericas.com, www.bebridgestone.com
www.liv-cycling.com, www.youtube.com, www.instagram.com, www.facebook.com, www.youtube.com, www.giantgroup-cycling.com
eliteautorepairtempe.com, www.facebook.com, goo.gl, twitter.com, www.yelp.com, www.youtube.com, www.linkedin.com, kukui.com
www.scottclarkstoyota.com, www.facebook.com, maps.google.com, smartpath.scottclarkstoyota.com, www.toyota.com, www.youtube.com, smartpath.scottclarkstoyota.com, www.toyota.com, www.youtube.com, pixabay.com, www.facebook.com, www.linkedin.com, twitter.com, bookmarks.yahoo.com, www.feedburner.com, www.bookmarkify.com, www.facebook.com, www.twitter.com, www.dealeron.com, www.dealeron.com
www.carhop.com, www.cloudflare.com
www.goodyearautoservice.com, citiretailservices.citibankonline.com, corporate.goodyear.com, jobs.goodyear.com
carloversautomotive.com, www.facebook.com, www.instagram.com, www.linkedin.com, www.facebook.com, www.instagram.com, www.linkedin.com, www.google.com
www.matthewstire.com, g.page, g.page, g.page, g.page, goo.gl, goo.gl, g.page, g.page, g.page, g.page, g.page, g.page, g.page, g.page, www.facebook.com, twitter.com, www.linkedin.com, www.goodyear.com, www.youtube.com, www.goodyear.com, www.ase.com, www.carcare.org, www.motorist.org, tireindustry.org, www.bbb.org, www.facebook.com, www.instagram.com, www.youtube.com, insightcreative.com
topdriver.com, topdriveronline.net, www.topdriversignals.com, www.facebook.com, www.instagram.com, twitter.com, www.linkedin.com, www.youtube.com, www.allstardrivereducation.com, www.topdriver.com, www.topdriverparent.com, www.topdriver.com, www.thoughtco.com, www.topdriver.com, www.topdriver.com, www.topdriver.com, www.topdriver.com, send, www.facebook.com, twitter.com, pinterest.com, www.linkedin.com, www.topdriver.com, www.allstardrivereducation.com, www.topdriver.com, www.topdriverparent.com, www.facebook.com, www.instagram.com, twitter.com, www.linkedin.com, www.youtube.com
www.instructables.com, youtu.be, www.tireindustry.org, www.instagram.com, www.tiktok.com, usa.autodesk.com, usa.autodesk.com, usa.autodesk.com, www.autodesk.com
www.tireagent.com, www.ustires.org, www.ustires.org, www.fixaflat.com, www.carshtuff.com, www.dreamstime.com, tireagent.applytojob.com, app.accruesavings.com, www.facebook.com, www.instagram.com, www.linkedin.com, www.pinterest.com, www.tiktok.com, www.twitter.com, www.youtube.com
retail.wonderlandtire.com, www.cloudflare.com, www.cloudflare.com, www.cloudflare.com, support.cloudflare.com, www.cloudflare.com
www.bikeride.com, forums.bikeride.com, www.facebook.com, twitter.com, www.amazon.com, www.amazon.com, www.amazon.com, www.amazon.com, www.jimlangley.net, www.parktool.com, www.parktool.com, www.sheldonbrown.com, www.amazon.com, www.amazon.com, www.amazon.com, www.amazon.com, www.amazon.com, www.amazon.com, forums.bikeride.com, forums.bikeride.com, forums.bikeride.com, forums.bikeride.com, forums.bikeride.com, forums.bikeride.com, forums.bikeride.com, forums.bikeride.com, forums.bikeride.com, forums.bikeride.com, forums.bikeride.com, forums.bikeride.com, forums.bikeride.com, forums.bikeride.com, forums.bikeride.com, forums.bikeride.com, forums.bikeride.com, forums.bikeride.com, forums.bikeride.com, forums.bikeride.com, forums.bikeride.com, forums.bikeride.com, forums.bikeride.com, forums.bikeride.com, forums.bikeride.com, forums.bikeride.com, forums.bikeride.com, forums.bikeride.com, forums.bikeride.com, forums.bikeride.com, forums.bikeride.com, forums.bikeride.com, forums.bikeride.com, www.youtube.com, www.instagram.com, www.facebook.com, twitter.com, www.strava.com
www.carfax.com, support.carfax.com, www.aaa.com, secure.carfax.com, jobs.jobvite.com, support.carfax.com, www.carfaxfordealers.com, www.carfaxserviceshops.com, www.carfaxbig.com, support.carfax.com, www.carfaxfordealers.com, www.linkedin.com, www.youtube.com, www.instagram.com, twitter.com, www.facebook.com, www.tiktok.com
www.revzilla.com, revzilla.extole.io, twitter.com, www.reddit.com, twitter.com, www.reddit.com, www.facebook.com, www.youtube.com, twitter.com, instagram.com, www.progressive.com
www.discounttire.com
www.dealnews.com, corp.dealnews.com, www.fixaflat.com, www.fixaflat.com, www.fixaflat.com, www.fixaflat.com, newsroom.aaa.com, www.fixaflat.com, www.fixaflat.com, cen.acs.org, www.fixaflat.com, twitter.com, www.youtube.com, www.facebook.com, www.linkedin.com, www.twitter.com, corp.dealnews.com
www.keystonechevrolet.com, www.cloudflare.com
www.fixaflat.com, twitter.com, www.facebook.com, www.youtube.com, instagram.com, careers.itw.com
www.mmtires.com
www.americantiredepot.com
www.unitedautoinsurance.com, csp.unitedautoinsurance.com, www.facebook.com, www.youtube.com, twitter.com, csp.unitedautoinsurance.com, csp.unitedautoinsurance.com, www.facebook.com, www.youtube.com, twitter.com, csp.unitedautoinsurance.com, csp.unitedautoinsurance.com, www.google.com
www.petersenshunting.com
www.oreillyauto.com
www.jiffylube.com, franchise.jiffylube.com, acquisitions.jiffylube.com, franchise.jiffylube.com, franchise.jiffylube.com, acquisitions.jiffylube.com, www.facebook.com, twitter.com, www.youtube.com, www.jiffylube.ca
www.alltechautomotive.com, www.facebook.com, twitter.com, www.yelp.com, www.youtube.com, www.thoughtco.com, kukui.com
www.tirebarn.com, corporate.monro.com, corporate.monro.com, corporate.monro.com, corporate.monro.com, corporate.monro.com, corporate.monro.com, www.facebook.com, twitter.com
www.roadbikerider.com, www.pinterest.com, www.facebook.com, NeugentCycling.com, www.pinterest.com, www.facebook.com, my.studiopress.com, www.studiopress.com, wordpress.org
www.bigltireco.com, www.cloudflare.com, www.cloudflare.com, www.cloudflare.com, www.cloudflare.com
www.yokohamatire.com, www.yokohamatruck.com, merchandise.yokohamatire.com, eco.yokohamatire.com, eco.yokohamatire.com, eco.yokohamatire.com, www.yokohamatruck.com, merchandise.yokohamatire.com, ustires.org, www.facebook.com, twitter.com, www.instagram.com, www.youtube.com, www.linkedin.com, yokohamatruck.com, tire.yokohama.ca, yokohamallantas.com, yokohamatruck.com, tire.yokohama.ca, yokohamallantas.com, eco.yokohamatire.com, privacyportal-eu.onetrust.com
www.tirekingdom.com
www.goldeagle.com, coolridesonline.net, thegoldeaglemethod.com, www.linkedin.com
blog.nationwide.com, www.nationwide.com, www.nationwide.com, news.nationwide.com, www.linkedin.com, twitter.com, www.facebook.com, www.nationwide.com, www.linkedin.com, twitter.com, www.facebook.com, www.facebook.com, twitter.com, www.youtube.com, www.nationwide.com, www.nationwide.com, www.fdic.gov, www.fdic.gov, www.nationwide.com, www.nationwide.com, www.nationwide.com
getresqued.com
townfairtire.com, www.facebook.com, twitter.com, www.instagram.com, www.pinterest.com, www.linkedin.com, www.surveymonkey.com
www.tiresplus.com, local.tiresplus.com, local.tiresplus.com, local.tiresplus.com, local.tiresplus.com, local.tiresplus.com, www.bebridgestone.com, www.buyatab.com, www.bridgestoneamericas.com, www.cfna.com, www.buyatab.com, www.facebook.com, twitter.com, www.instagram.com, www.bebridgestone.com
www.justtires.com, citiretailservices.citibankonline.com, corporate.goodyear.com, jobs.goodyear.com
www.dunlop.eu, www.goodyear.eu, www.fulda.com, www.sava-tires.com, myway.goodyear.com, www.hiqfleet.co.uk, corporate.goodyear.com, www.goodyear.eu, www.facebook.com, www.instagram.com, www.goodyear.eu, corporate.goodyear.com, jobs.goodyear.com, news.goodyear.eu
www.tirewarehouse.net, corporate.monro.com, corporate.monro.com, corporate.monro.com, corporate.monro.com, corporate.monro.com, corporate.monro.com, www.facebook.com, twitter.com
www.teamtractor.com, www.facebook.com, www.facebook.com, twitter.com, www.facebook.com, www.facebook.com, www.youtube.com, www.instagram.com, twitter.com, www.pinterest.com, g.page, www.bbb.org, www.dealerspikeheavyequipment.com
www.trekbikes.com
www.flynnstire.com, flynnswholesale.com, www.flynnscommercialtire.com, workforcenow.adp.com, workforcenow.adp.com, flynnstire.us6.list-manage.com, workforcenow.adp.com, flynnswholesale.com, www.flynnscommercialtire.com, www.facebook.com, twitter.com, www.youtube.com, www.linkedin.com, toysforpittsburghtikes.com
www.carlblackoforlando.com, www.cloudflare.com
www.yourmechanic.com, justanswer.9pctbx.net, apps.apple.com, play.google.com, www.fixaflat.com, www.amazon.com, recruiting.paylocity.com, play.google.com, facebook.com, www.linkedin.com, twitter.com, www.instagram.com, apps.apple.com, play.google.com
harristirecompany.com
www.fitzwaycarclinics.com, www.tirereview.com, www.carsdirect.com, txtire.com, goo.gl, www.facebook.com, plus.google.com, www.youtube.com, www.facebook.com, www.youtube.com
www.deverinc.com, ezgo.txtsv.com, secure-financing.dealerspike.com, www.deverrentals.com, deverrentals.com, www.deverrentals.com, www.deverrentals.com, deverrentals.com, deverrentals.com, www.facebook.com, twitter.com, www.dealerspike.com
www.campanellas.com
www.theautodoc.net, www.facebook.com, www.google.com, www.yelp.com, flic.kr, www.flickr.com, creativecommons.org, www.flickr.com, kukui.com
www.drivparts.com, www.youtube.com, www.fmmotorparts.com, www.fmmotorparts.com, www.facebook.com, twitter.com, www.instagram.com, www.linkedin.com, www.youtube.com
longviewautotire.com, www.facebook.com, www.google.com, twitter.com, www.yelp.com, www.youtube.com, www.flickr.com, www.flickr.com, creativecommons.org, www.flickr.com, kukui.com
wrench.com, recruiting.paylocity.com, app.wrench.com, recruiting.paylocity.com, www.chicagotribune.com, www.seattletimes.com, www.ktnv.com, www.kgw.com, www.kxan.com, www.geekwire.com, gooddaysacramento.cbslocal.com, www.dailynews.com, www.ratchetandwrench.com, www.builtinseattle.com, www.ocregister.com, www.king5.com, www.sandiegouniontribune.com, www.eastvalleytribune.com, seattle.crains.com, www.bizjournals.com, www.bizjournals.com, www.kiro7.com, www.yelp.com, www.yelp.com, www.yelp.com, www.yelp.com, freshchalk.com, www.facebook.com, www.instagram.com, www.linkedin.com, twitter.com, recruiting.paylocity.com, www.facebook.com, www.instagram.com, twitter.com
www.tateboys.com
www.reddit.com, ads.reddit.com, play.google.com, apps.apple.com, www.redditinc.com, ads.reddit.com, www.reddithelp.com, redditblog.com, www.redditinc.com, www.redditinc.com, redditinc.com
roadside.goodsam.com, myaccount.goodsam.com, www.rvrentals.com, www.goodsam.com, www.goodsam.com, www.goodsamesp.com, travelassist.goodsam.com, www.goodsam.com, www.goodsam.com, tireandwheel.goodsam.com, loans.goodsam.com, www.goodsam.com, www.goodsam.com, tireandwheel.goodsam.com, loans.goodsam.com, www.goodsam.com, www.goodsam.com, www.goodsam.com, myaccount.goodsam.com, www.goodsam.com, www.facebook.com, twitter.com, www.instagram.com, www.youtube.com, www.campingworld.com, www.campingworld.com, tireandwheel.goodsam.com, community.goodsam.com, www.campingworld.com, www.overtons.com, rv.campingworld.com, www.goodsam.com, community.goodsam.com, www.campingworld.com, www.overtons.com, rv.campingworld.com, www.goodsam.com, www.facebook.com, twitter.com, www.youtube.com, www.pinterest.com, www.instagram.com, www.tiktok.com, www.goodsam.com, www.goodsam.com, www.campingworld.com, www.campingworld.com, investor.campingworld.com, www.goodsam.com, www.goodsam.com, www.goodsam.com, www.goodsam.com, www.goodsam.com, campingworld.com, campingworld.com, investor.campingworld.com, www.goodsam.com, www.goodsam.com, www.goodsam.com
dennisservicecenter.orgwww.midas.com, midasfranchise.com, midasfranchise.com, midas-careers.careerplug.com, privacyportal.onetrust.com, www.facebook.com, www.instagram.com, www.youtube.com
www.target.com, weeklyad.target.com
www.drivparts.com
www.drivparts.com, www.youtube.com, www.fmmotorparts.com, www.fmmotorparts.com, www.facebook.com, twitter.com, www.instagram.com, www.linkedin.com, www.youtube.com
longviewautotire.com, www.facebook.com, www.google.com, twitter.com, www.yelp.com, www.youtube.com, www.flickr.com, www.flickr.com, creativecommons.org, www.flickr.com, kukui.com
wrench.com, recruiting.paylocity.com, app.wrench.com, recruiting.paylocity.com, www.chicagotribune.com, www.seattletimes.com, www.ktnv.com, www.kgw.com, www.kxan.com, www.geekwire.com, gooddaysacramento.cbslocal.com, www.dailynews.com, www.ratchetandwrench.com, www.builtinseattle.com, www.ocregister.com, www.king5.com, www.sandiegouniontribune.com, www.eastvalleytribune.com, seattle.crains.com, www.bizjournals.com, www.bizjournals.com, www.kiro7.com, www.yelp.com, www.yelp.com, www.yelp.com, www.yelp.com, freshchalk.com, www.facebook.com, www.instagram.com, www.linkedin.com, twitter.com, recruiting.paylocity.com, www.facebook.com, www.instagram.com, twitter.com
www.tateboys.com
roadside.goodsam.com, myaccount.goodsam.com, www.rvrentals.com, www.goodsam.com, www.goodsam.com, www.goodsamesp.com, travelassist.goodsam.com, www.goodsam.com, www.goodsam.com, tireandwheel.goodsam.com, loans.goodsam.com, www.goodsam.com, www.goodsam.com, tireandwheel.goodsam.com, loans.goodsam.com, www.goodsam.com, www.goodsam.com, www.goodsam.com, myaccount.goodsam.com, www.goodsam.com, www.facebook.com, twitter.com, www.instagram.com, www.youtube.com, www.campingworld.com, www.campingworld.com, tireandwheel.goodsam.com, community.goodsam.com, www.campingworld.com, www.overtons.com, rv.campingworld.com, www.goodsam.com, community.goodsam.com, www.campingworld.com, www.overtons.com, rv.campingworld.com, www.goodsam.com, www.facebook.com, twitter.com, www.youtube.com, www.pinterest.com, www.instagram.com, www.tiktok.com, www.goodsam.com, www.goodsam.com, www.campingworld.com, www.campingworld.com, investor.campingworld.com, www.goodsam.com, www.goodsam.com, www.goodsam.com, www.goodsam.com, www.goodsam.com, campingworld.com, campingworld.com, investor.campingworld.com, www.goodsam.com, www.goodsam.com, www.goodsam.com
dennisservicecenter.orgwww.midas.com, midasfranchise.com, midasfranchise.com, midas-careers.careerplug.com, privacyportal.onetrust.com, www.facebook.com, www.instagram.com, www.youtube.com
www.target.com, weeklyad.target.com
www.copilotsearch.com, pixabay.com, internal-dlnk.onelink.me, internal-dlnk.onelink.me, facebook.com, twitter.com, pinterest.com, reddit.com, internal-dlnk.onelink.me, twitter.com, www.facebook.com, www.instagram.com
tires.costco.com
www.landrys.com, booklandrysfitting.timetap.com, www.facebook.com, www.instagram.com, www.youtube.com, blog.landrys.com
www.ntb.com
www.metromile.com
www.stp.com, www.facebook.com, twitter.com, www.youtube.com, www.instagram.com, stpstore.com, stpstore.com, www.facebook.com, twitter.com, www.youtube.com, www.instagram.com, www.autocare.org, www.energizerholdings.com, sds.chemdox.com, energizergrouplegal.com, energizergrouplegal.com
premiotowingcompany.com, twitter.com, www.facebook.com, premiotowing1.tumblr.com, youtu.be, twitter.com, www.facebook.com, plus.google.com, www.pinterest.com, www.linkedin.com, forward, vk.com, www.reddit.com, www.tumblr.com, partners.viadeo.com, send, twitter.com, www.facebook.com, premiotowing1.tumblr.com, youtu.be, www.premiotowingcompany.com, www.premiotowingcompany.com
www.corwheels.com, www.facebook.com, twitter.com, pinterest.com, www.linkedin.com, reddit.com, twitter.com, www.linkedin.com, www.tumblr.com, www.facebook.com, twitter.com, www.instagram.com, corwheels.tumblr.com, www.youtube.com
www.amazon.com
www.kbb.com, jobs.coxenterprises.com, www.coxautoinc.com, b2b.kbb.com, mediaroom.kbb.com, www.kbb.com.br, www.kbb.ca, www.facebook.com, twitter.com, www.linkedin.com, www.youtube.com, channelstore.roku.com
trailwheel.com, amzn.to, amzn.to, amzn.to, onewheel.com, onewheel.com, twitter.com, www.pinterest.com, www.youtube.com, www.instagram.com, twitter.com
bobparts.com
www.homedepot.com
www.cjponyparts.com
support.vanmoof.com, www.vanmoof.com
www.mavis.com, www.weldontire.net, www.weldontire.net
treadconnection.com, www.facebook.com, www.youtube.com, www.instagram.com, www.linkedin.com
www.ustires.org, sustainability.ustires.org, members.ustires.org, www.addtoany.com, www.facebook.com, www.youtube.com, www.twitter.com, www.addtoany.com
rnrtires.com, rnrfranchise.com, www.facebook.com, www.twitter.com, www.instagram.com, www.youtube.com, rnrfranchise.com
motorweek.org, www.pbs.org, www.autovalue.com, www.tirerack.com, www.autovalue.com, www.tirerack.com, www.pbs.org, www.mpt.org, www.facebook.com, twitter.com, www.youtube.com, www.instagram.com, www.mpt.org, sutter-group.com
completeautoloans.com
www.tireoutlet.com, careers-tireoutlet.icims.com, www.facebook.com, twitter.com, pinterest.com, www.linkedin.com, www.ustires.org, www.tireindustry.org, careers-tireoutlet.icims.com, www.facebook.com, instagram.com, twitter.com, sites.google.com
www.kumhotire.com, www.marshaltire.com, www.marshalthailand.com, www.kumhotyre.cz, www.kumhotire.si, product.kumhotire.com, www.marshaltire.com, www.youtube.com, blog.kumhotire.co.kr, www.facebook.com
www.autozone.com
www.hondainfocenter.comsimplebikeinsurance.com
www.vipauto.com
postletire.com, PostleTire.com
ell.stackexchange.com, stackoverflow.com, ell.meta.stackexchange.com, stackoverflow.co, chat.stackexchange.com, ell.meta.stackexchange.com, stackoverflow.blog, try.stackoverflow.co, stackoverflow.co, stackoverflowteams.com, stackoverflow.co, meta.stackexchange.com, meta.stackexchange.com, serverfault.com, codegolf.stackexchange.com, money.stackexchange.com, mathoverflow.net, puzzling.stackexchange.com, rpg.stackexchange.com, law.stackexchange.com, math.stackexchange.com, gaming.stackexchange.com, aviation.stackexchange.com, mathematica.stackexchange.com, retrocomputing.stackexchange.com, electronics.stackexchange.com, webmasters.stackexchange.com, gis.stackexchange.com, physics.stackexchange.com, workplace.stackexchange.com, electronics.stackexchange.com, rpg.stackexchange.com, rpg.stackexchange.com, tex.stackexchange.com, worldbuilding.stackexchange.com, scifi.stackexchange.com, chat.stackexchange.com, ell.meta.stackexchange.com, stackoverflow.co, stackoverflow.com, stackoverflow.co, stackoverflow.co, stackoverflow.co, stackoverflow.co, stackoverflow.co, stackoverflow.co, stackoverflow.com, stackoverflow.com, stackoverflow.com, stackoverflow.com, api.stackexchange.com, data.stackexchange.com, stackoverflow.blog, www.facebook.com, twitter.com, linkedin.com, www.instagram.com, stackoverflow.com, stackoverflow.com
www.michelinman.com, guide.michelin.com, www.tablethotels.com, michelinracingusa.com, www.tirerewardcenter.com, cxf-prod.azureedge.net, michelinracingusa.com, business.michelinman.com, www.michelinearthmover.com, agricultural.michelinman.com, aircraft.michelin.com, metro.michelin.com, guide.michelin.com, www.tablethotels.com, guide.michelin.com, www.tablethotels.com, michelinracingusa.com, www.tirerewardcenter.com, cxf-prod.azureedge.net, cxf-prod.azureedge.net, www.michelinmedia.com, jobs.michelinman.com, www.michelin.com, www.facebook.com, www.youtube.com, www.instagram.com, twitter.com
www.rmigolfcarts.com, www.facebook.com, www.facebook.com
en.wikipedia.org, donate.wikimedia.org, de.wikipedia.org, fr.wikipedia.org, he.wikipedia.org, ja.wikipedia.org, zh-yue.wikipedia.org, zh.wikipedia.org, www.wikidata.org, www.wikidata.org, commons.wikimedia.org, meta.wikimedia.org, en.wikiversity.org, en.wikibooks.org, en.wikivoyage.org, en.wiktionary.org, commons.wikimedia.org, web.archive.org, www.diynetwork.com, web.archive.org, www.oglecounty.org, web.archive.org, www.breakdownrecovery.co.uk, www.teampansky.com, commons.wikimedia.org, www.wikidata.org, id.ndl.go.jp, foundation.wikimedia.org, foundation.wikimedia.org, www.wikimediafoundation.org, foundation.wikimedia.org, foundation.wikimedia.org, developer.wikimedia.org, stats.wikimedia.org, foundation.wikimedia.org, en.m.wikipedia.org, wikimediafoundation.org, www.mediawiki.org
www.dunntire.com, www.facebook.com, twitter.com, www.youtube.com, www.instagram.com, www.facebook.com, twitter.com, www.youtube.com, www.instagram.com
shop.advanceautoparts.com, stores.advanceautoparts.com, www.speedperks.com, www.facebook.com, twitter.com, blog.advanceautoparts.com
www.mbprinceton.com, www.cloudflare.com
www.aventon.com, rideaventon.zendesk.com, rideaventon.zendesk.com, rideaventon.zendesk.com, rideaventon.zendesk.com, support.aventon.com, rideaventon.zendesk.com, rideaventon.zendesk.com, rideaventon.zendesk.com, rideaventon.zendesk.com, rideaventon.zendesk.com, rideaventon.zendesk.com, rideaventon.zendesk.com, tracking.attentivemobile.com, tracking.attentivemobile.com, www.facebook.com, twitter.com, www.instagram.com, www.youtube.com, rideaventon.zendesk.com, rideaventon.zendesk.com, www.youtube.com, b2b.aventon.com, rideaventon.zendesk.com, www.facebook.com, twitter.com, www.instagram.com, www.youtube.com, rideaventon.zendesk.com, rideaventon.zendesk.com, www.youtube.com, b2b.aventon.com, rideaventon.zendesk.com, www.facebook.com, twitter.com, www.instagram.com, www.youtube.com
www.tesla.com
www.walmart.com, help.walmart.com, corporate.walmart.com
www.porschenorthscottsdale.com, maps.google.com, www.penskeautomotivecollision.com, pagjobs.com, www.jdpower.com, login.porsche.com, www.porsche.com, www.penskeautomotivecollision.com, pagjobs.com, www.jdpower.com, login.porsche.com, www.porsche.com, www.drive-safely.net, pixabay.com, www.facebook.com, twitter.com, www.instagram.com, www.youtube.com, www.google.com, www.yelp.com, www.facebook.com, twitter.com, www.youtube.com, www.instagram.com, www.dealeron.com, www.dealeron.com, www.porsche.com
www.cycleworld.com, cycleworld.us12.list-manage.com, www.facebook.com, twitter.com, www.instagram.com, www.pinterest.com, www.youtube.com, teespring.com, cycleworld.us12.list-manage.com, octane.co, octane.co
www.fleetfinancials.com, bob.dragonforms.com, www.fleetjobfinder.com, directory.automotive-fleet.com, www.bobitbusinessmedia.com, www.bobitbusinessmedia.com, www.bobitbusinessmedia.com, www.bobitmarketingsolutions.com, www.facebook.com, twitter.com, bob.dragonforms.com, www.automotive-fleet.com, www.bobitmarketingsolutions.com, www.facebook.com, twitter.com, bob.dragonforms.com, bob.dragonforms.com, automotive-fleet.com, vincentric.com, automotive-fleet.com, www.automotive-fleet.com, www.businessfleet.com, www.chargedfleet.com, www.fleetforward.com, www.government-fleet.com, www.truckinginfo.com, www.metro-magazine.com, www.schoolbusfleet.com, www.worktruckonline.com, www.bobitbusinessmedia.com, www.bobitbusinessmedia.com, www.facebook.com, twitter.com, www.fleetjobfinder.com, directory.automotive-fleet.com, bob.dragonforms.com, info.wrightsmedia.com, www.facebook.com, twitter.com, www.bobitbusinessmedia.com, www.bobitbusinessmedia.com, www.bobitbusinessmedia.com, www.bobit.com
www.continental-tires.com, www.continental.com, www.continental-reifen.de, www.continental-tires.co.il, www.continental-pneumatici.it, www.continental-neumaticos.es, www.continental-tyres.co.uk, continental-me.com, www.continental-tires.cn, www.continental-me.com, www.continental-me.com, www.continental-me.com, www.continental-tyres.asia, www.continental-me.com, pk.continental-me.com, www.continental-me.com, www.continental-me.com, www.continental-tyres.com.lk, www.continental-me.com, www.conti.com.br, www.continental-tyres.co.za, www.continental-me.com, www.continental.mu, www.continental-na.com, www.continental-tires.com.gh, www.continental.com, www.continental-reifen.de, www.continental-tires.co.il, www.continental-pneumatici.it, www.continental-neumaticos.es, www.continental-tyres.co.uk, continental-me.com, www.continental-tires.cn, www.continental-me.com, www.continental-me.com, www.continental-me.com, www.continental-tyres.asia, www.continental-me.com, pk.continental-me.com, www.continental-me.com, www.continental-me.com, www.continental-tyres.com.lk, www.continental-me.com, www.conti.com.br, www.continental-tyres.co.za, www.continental-me.com, www.continental.mu, www.continental-na.com, www.continental-tires.com.gh, www.continental-reifen.de, www.continental-tires.co.il, www.continental-pneumatici.it, www.continental-neumaticos.es, www.continental-tyres.co.uk, continental-me.com, www.continental-tires.cn, www.continental-me.com, www.continental-me.com, www.continental-me.com, www.continental-tyres.asia, www.continental-me.com, pk.continental-me.com, www.continental-me.com, www.continental-me.com, www.continental-tyres.com.lk, www.continental-me.com, www.conti.com.br, www.continental-tyres.co.za, www.continental-me.com, www.continental.mu, www.continental-na.com, www.continental-tires.com.gh, www.continental-reifen.de, www.continental-tires.co.il, www.continental-pneumatici.it, www.continental-neumaticos.es, www.continental-tyres.co.uk, continental-me.com, www.continental-tires.cn, www.continental-me.com, www.continental-me.com, www.continental-me.com, www.continental-tyres.asia, www.continental-me.com, pk.continental-me.com, www.continental-me.com, www.continental-me.com, www.continental-tyres.com.lk, www.continental-me.com, www.conti.com.br, www.continental-tyres.co.za, www.continental-me.com, www.continental.mu, www.continental-na.com, www.continental-tires.com.gh, www.continental.com, www.continental.com, www.continental-automotive.com, www.continental-industry.com, jobs.continental.com, www.instagram.com, www.linkedin.com, www.facebook.com, twitter.com, www.youtube.com
www.fjmercedes.com, www.cloudflare.com
www.cvs.com
support.super73.com, www.youtube.com, www.youtube.com, privacy.super73.com, www.youtube.com, www.facebook.com, www.instagram.com, www.youtube.com
www.bigotires.com, www.bigofranchise.com, www.facebook.com, www.twitter.com, www.instagram.com, www.bigofranchise.com, privacyportal.onetrust.com
apolloscooters.co, apollo-help-center.gorgias.help, apollo-help-center.gorgias.help, apollo-help-center.gorgias.help, apollo-help-center.gorgias.help, apollo-help-center.gorgias.help, apollo-help-center.gorgias.help, apollo-help-center.gorgias.help, apollo-help-center.gorgias.help, apollo-help-center.gorgias.help, apollo-help-center.gorgias.help, apollo-help-center.gorgias.help, apollo-help-center.gorgias.help, apollo-help-center.gorgias.help, apollo-help-center.gorgias.help, apollo-help-center.gorgias.help, youtu.be, www.facebook.com, twitter.com, www.linkedin.com, apollo-help-center.gorgias.help, apollo-help-center.gorgias.help, apollo-help-center.gorgias.help, apollo-help-center.gorgias.help, apolloscooters.bamboohr.com, www.facebook.com, www.instagram.com, www.youtube.com, apolloscooters.ca
www.whatsinproducts.com, www.blackmagicshine.com, oehha.ca.gov, cfpub.epa.gov, www.atsdr.cdc.gov, archive.epa.gov, ntp.niehs.nih.gov, www.waterboards.ca.gov, ww2.arb.ca.gov, www.federalregister.gov, biomonitoring.ca.gov, oehha.ca.gov, govt.westlaw.com, echa.europa.eu, echa.europa.eu
www.mbontario.com, www.cloudflare.com
forums.redflagdeals.com, www.redflagdeals.com, www.redflagdeals.com, www.redflagdeals.com, www.redflagdeals.com, www.redflagdeals.com, www.redflagdeals.com, www.redflagdeals.com, www.redflagdeals.com, www.redflagdeals.com, blackfriday.redflagdeals.com, www.redflagdeals.com, www.redflagdeals.com, www.redflagdeals.com, www.redflagdeals.com, www.redflagdeals.com, www.redflagdeals.com, www.redflagdeals.com, www.redflagdeals.com, www.redflagdeals.com, www.redflagdeals.com, www.redflagdeals.com, www.redflagdeals.com, www.redflagdeals.com, www.redflagdeals.com, www.redflagdeals.com, www.redflagdeals.com, www.redflagdeals.com, www.redflagdeals.com, www.redflagdeals.com, www.redflagdeals.com, www.redflagdeals.com, www.redflagdeals.com, www.redflagdeals.com, www.redflagdeals.com, www.redflagdeals.com, www.redflagdeals.com, www.redflagdeals.com, www.redflagdeals.com, www.redflagdeals.com, www.redflagdeals.com, www.redflagdeals.com, www.redflagdeals.com, www.redflagdeals.com, www.redflagdeals.com, www.redflagdeals.com, www.redflagdeals.com, www.redflagdeals.com, www.redflagdeals.com, www.redflagdeals.com, www.redflagdeals.com, www.redflagdeals.com, www.redflagdeals.com, www.redflagdeals.com, www.redflagdeals.com, www.redflagdeals.com, www.redflagdeals.com, www.redflagdeals.com, www.redflagdeals.com, www.redflagdeals.com, www.redflagdeals.com, www.redflagdeals.com, www.redflagdeals.com, www.redflagdeals.com, www.redflagdeals.com, www.redflagdeals.com, www.redflagdeals.com, www.redflagdeals.com, www.redflagdeals.com, creditcards.redflagdeals.com, www.redflagdeals.com, www.redflagdeals.com, www.redflagdeals.com, www.redflagdeals.com, www.redflagdeals.com, www.redflagdeals.com, www.redflagdeals.com, www.redflagdeals.com, www.redflagdeals.com, www.redflagdeals.com, www.redflagdeals.com, www.redflagdeals.com, www.redflagdeals.com, www.redflagdeals.com, www.redflagdeals.com, www.redflagdeals.com, www.redflagdeals.com, www.redflagdeals.com, www.redflagdeals.com, www.carinstructions.com, www.sellmycar.ca, www.redflagdeals.com, www.redflagdeals.com, www.redflagdeals.com, www.redflagdeals.com, go.redirectingat.com, www.redflagdeals.com, go.redirectingat.com, www.youtube.com, www.redflagdeals.com, www.redflagdeals.com, www.redflagdeals.com, www.youtube.com, www.redflagdeals.com, www.redflagdeals.com, www.instagram.com, twitter.com, www.facebook.com, www.redflagdeals.com, www.redflagdeals.com, www.redflagdeals.com, www.redflagdeals.com, www.redflagdeals.com, www.redflagdeals.com, www.redflagdeals.com, www.redflagdeals.com, www.verticalscope.com, twitter.com, www.facebook.com, www.redflagdeals.com, www.redflagdeals.com, www.redflagdeals.com, www.redflagdeals.com, www.redflagdeals.com, www.redflagdeals.com, blackfriday.redflagdeals.com, boxingday.redflagdeals.com, www.redflagdeals.com, www.redflagdeals.com, www.redflagdeals.com, www.redflagdeals.com, www.redflagdeals.com, www.redflagdeals.com, www.redflagdeals.com, www.redflagdeals.com, www.redflagdeals.com, www.redflagdeals.com, www.redflagdeals.com, www.redflagdeals.com, www.redflagdeals.com, www.redflagdeals.com, www.phpbb.com, www.redflagdeals.com, www.redflagdeals.com
www.zorestowing.com, wordpress.org
www.porschebeachwood.com, maps.google.com, express.porschebeachwood.com, express.porschebeachwood.com, store.porschebeachwood.com, my.porsche.com, pagjobs.com, pagjobs.com, express.porschebeachwood.com, express.porschebeachwood.com, store.porschebeachwood.com, my.porsche.com, pagjobs.com, pagjobs.com, www.facebook.com, twitter.com, www.instagram.com, www.youtube.com, www.google.com, www.yelp.com, www.facebook.com, twitter.com, www.youtube.com, www.instagram.com, www.dealeron.com, www.dealeron.com, www.porsche.com
www.gotodobbs.com
www.hogantire.com, www.cloudflare.com, www.cloudflare.com, www.cloudflare.com, support.cloudflare.com, www.cloudflare.com
www.tipsfromatypicalmomblog.com, www.amazon.com, www.actiontirecentre.com, cheapdealsoftheday.info, www.mommystroller.com, strollerlist.com, www.bestjoggingstroller.reviews, www.strollerlab.net, reimaginingrascal.com, wholovesbabies.com, thewholebaby.com, momgoescamping.com, facebook.com, instagram.com, www.linkedin.com, pinterest.com, twitter.com, youtube.com, shareasale.com, facebook.com, instagram.com, www.linkedin.com, pinterest.com, twitter.com, youtube.com, restored316designs.com, www.restored316designs.com, restored316designs.com, www.studiopress.com, wordpress.org
www.lowes.com
www.apexway.com.tw, bit.ly, bit.ly, bit.ly, bit.ly, bit.ly, bit.ly, bit.ly, bit.ly, bit.ly, bit.ly, www.ibest.com.tw, bit.ly, bit.ly, bit.ly, bit.ly, bit.ly, www.ibest.com.tw
www.schaeferautobody.com, 5thgearce.com, www.addtoany.com, www.addtoany.com, www.addtoany.com, www.claysforcareers.org, www.facebook.com, www.instagram.com, twitter.com, www.linkedin.com
www.liveabout.com, www.dotdashmeredith.com, www.nysenate.gov, www.dotdashmeredith.com, www.dotdashmeredith.com, www.dotdashmeredith.com, www.dotdashmeredith.com, privacy.truste.com, www.dotdashmeredith.com, www.dotdashmeredith.com
cascade.org, cbcmerchandise.com, www.cascade.org, www.cascade.org, www.cascade.org, www.cascade.org, maps.google.com, email.cascade.org, www.facebook.com, twitter.com, www.flickr.com, www.youtube.com, www.instagram.com, www.cbcmerchandise.com
stopandshop.com
singlegirlsdiy.com, www.facebook.com, twitter.com, www.reddit.com, getpocket.com, www.amazon.com, www.amazon.com, www.amazon.com, www.facebook.com, twitter.com, www.reddit.com, getpocket.com, singlegirlsdiy.podia.com, singlegirlsdiy.podia.com
www.rivianforums.com
www.yelp.com, yelp-ir.com, trust.yelp.com, www.yelp-support.com, www.yelp-support.com, blog.yelp.com, www.yelp-support.com, business.yelp.com, biz.yelp.com, business.yelp.com, business.yelp.com, restaurants.yelp.com, restaurants.yelp.com, business.yelp.com, www.yelp-support.com, www.yelpblog.com, blog.yelp.com, www.yelp-support.com, www.yelp-support.com, www.acxiom.com
www.vioc.com
www.pellmansauto.com
www.streetdirectory.com, www.street-directory.com, www.streetdirectory.co.id, www.streetdirectory.com.my, www.streetdirectory.com.my, www.streetdirectory.com.my, www.singaporejobsdb.com
www.rumriverauto.com
www.pothiermotors.com, www.facebook.com, twitter.com, www.instagram.com, www.autotrader.ca, www.facebook.com, twitter.com, www.instagram.com
slime.com, www.itw.com, www.facebook.com, twitter.com, www.instagram.com, www.youtube.com, buydirect.slime.com
www.speedstowingpdx.com, www.speedstowingauction.com, facebook.com, twitter.com, www.tumblr.com, pinterest.com, goo.gl, www.facebook.com, twitter.com, www.instagram.com, www.pinterest.com, www.youtube.com
traveltalesoflife.com
www.mattcastruccinissan.com, www.facebook.com, www.instagram.com, www.youtube.com, www.nissanusa.com, www.nissanusa.com, www.nissanusa.com, www.edmunds.com, www.facebook.com, www.youtube.com, www.instagram.com, www.dealerfire.com, dealersocket.com, nissanusa.com
www.vikingmotors.ca, www.cloudflare.com
www.americastire.com
www.corvetteforum.com, www.internetbrandsauto.com, store.corvetteforum.com, www.internetbrandsauto.com, www.internetbrands.com, www.internetbrands.com, www.internetbrands.com, www.internetbrands.com, www.internetbrands.com, www.internetbrands.com, katzkin.com, www.internetbrands.com, store.corvetteforum.com, store.corvetteforum.com, store.corvetteforum.com, store.corvetteforum.com, store.corvetteforum.com, store.corvetteforum.com, store.corvetteforum.com, store.corvetteforum.com, www.internetbrandsauto.com, www.internetbrands.com, www.internetbrands.com, www.internetbrands.com, www.internetbrands.com, www.facebook.com, twitter.com, www.instagram.com
tires.bjs.com, www.bjs.com, www.bjs.com, www.bjs.com, www.bjs.com, www.bjs.com, www.bjs.com, www.bjs.com, www.bjs.com, www.bjs.com, www.bjs.com, www.bjs.com, www.bjs.com, www.bjs.com, www.bjs.com, www.bjs.com, www.bjs.com, www.bjs.com, www.bjs.com, www.bjs.com, www.bjs.com, www.bjs.com, www.bjs.com, www.bjs.com, www.bjs.com, www.bjs.com, www.bjs.com, www.bjs.com, www.bjs.com, www.bjs.com, www.bjs.com, www.bjs.com, www.bjs.com, www.bjs.com, www.bjs.com, www.bjs.com, www.bjs.com, www.bjs.com, www.bjs.com, www.bjs.com, www.bjs.com, www.bjs.com, www.bjs.com, www.bjs.com, www.bjs.com, www.bjs.com, stocked.bjs.com, www.bjs.com, www.bjs.com, www.bjs.com, www.bjs.com, www.bjs.com, www.bjs.com, www.bjs.com, www.bjs.com, help.bjs.com, www.bjs.com, www.bjs.com, www.bjs.com, www.bjs.com, bjs.capitalone.com, b2bsales.bjs.com, www.bjs.com, www.bjs.com, www.bjs.com, www.bjs.com, bjswholesale.co1.qualtrics.com, www.bjs.com, www.bjs.com, www.bjs.com, careers.bjs.com, www.bjs.com, www.bjs.com, investors.bjs.com, newsroom.bjs.com, www.bjs.com, www.bjs.com, s22.q4cdn.com, app.rangeme.com, www.bjs.com, www.bjs.com, www.bjs.com, www.bjs.com, www.bjs.com, www.bjs.com, www.bjs.com, www.bjs.com, www.bjs.com, www.bjs.com, help.bjs.com, www.bjs.com, www.bjs.com, www.bjs.com, www.bjs.com, bjs.capitalone.com, b2bsales.bjs.com, www.bjs.com, www.bjs.com, www.bjs.com, www.bjs.com, bjswholesale.co1.qualtrics.com, www.bjs.com, www.bjs.com, www.bjs.com, www.bjs.com, www.bjs.com, investors.bjs.com, newsroom.bjs.com, www.bjs.com, www.bjs.com, s22.q4cdn.com, app.rangeme.com, www.bjs.com, www.bjs.com, www.bjs.com
help.samsclub.com, www.samsclub.com, www.samsclub.com, www.samsclub.com, www.samsclub.com, www.samsclub.com, www.samsclub.com, www.samsclub.com, www.samsclub.com, www.samsclub.com, www.samsclub.com, www.samsclub.com, www.samsclub.com
www.tiktok.com, effecthouse.tiktok.com, effecthouse.tiktok.com, newsroom.tiktok.com, careers.tiktok.com, developers.tiktok.com, support.tiktok.com
continentaltire.com, continentaltire.custhelp.com, register.roadsideprotect.com, register.roadsideprotect.com, continentaltire.custhelp.com, register.roadsideprotect.com, register.roadsideprotect.com, www.totalconfidence-plan.com, www.facebook.com, twitter.com, www.instagram.com, www.youtube.com, continentaltire.ac-page.com, continentaltire.custhelp.com, www.continental.com, www.continental.com, www.continental.com, www.continental-truck.com
cluballiance.aaa.com, mypolicyclub.digital.csaa-insurance.aaa.com, www.fuzeqna.com, www.aaa.com, discounts.aaa.com, discounts.cluballiance.aaa.com, aca.memberdeals.com, discounts.aaa.com, www.aaa.com, shop.cluballiance.aaa.com, shop.cluballiance.aaa.com, shop.cluballiance.aaa.com, shop.cluballiance.aaa.com, shop.cluballiance.aaa.com, shop.cluballiance.aaa.com, aca.memberdeals.com, aca.memberdeals.com, aca.memberdeals.com, aca.memberdeals.com, aca.memberdeals.com, shop.cluballiance.aaa.com, shop.cluballiance.aaa.com, aaa.rushmypassport.com, aaa.rushmypassport.com, shop.cluballiance.aaa.com, shop.cluballiance.aaa.com, tourbook.aaa.com, www.aaa.com, booktravel.cluballiance.aaa.com, aca.memberdeals.com, www.fuzeqna.com, shop.cluballiance.aaa.com, www.aaacorporatetravel.com, booktravel.cluballiance.aaa.com, www.aaa.com, www.aaa.com, mypolicyclub.digital.csaa-insurance.aaa.com, www.fuzeqna.com, www.aaa.com, discounts.aaa.com, discounts.cluballiance.aaa.com, aca.memberdeals.com, discounts.aaa.com, www.aaa.com, shop.cluballiance.aaa.com, shop.cluballiance.aaa.com, shop.cluballiance.aaa.com, shop.cluballiance.aaa.com, shop.cluballiance.aaa.com, shop.cluballiance.aaa.com, aca.memberdeals.com, aca.memberdeals.com, aca.memberdeals.com, aca.memberdeals.com, aca.memberdeals.com, shop.cluballiance.aaa.com, shop.cluballiance.aaa.com, aaa.rushmypassport.com, aaa.rushmypassport.com, shop.cluballiance.aaa.com, shop.cluballiance.aaa.com, tourbook.aaa.com, www.aaa.com, booktravel.cluballiance.aaa.com, aca.memberdeals.com, www.fuzeqna.com, shop.cluballiance.aaa.com, www.aaacorporatetravel.com, booktravel.cluballiance.aaa.com, www.aaa.com, www.aaa.com, www.aaa.com, www.aaa.com, www.aaa.com, www.fuzeqna.com, itunes.apple.com, play.google.com, www.aaa.com
commercialtire.com, www.cfna.com, commercialtire.treadsearch.com, pay.billingdoc.net, asacustomerconnect.com, www.cfna.com, commercialtire.treadsearch.com, pay.billingdoc.net, asacustomerconnect.com, facebook.com, twitter.com, instagram.com
www.mrtire.com, corporate.monro.com, corporate.monro.com, corporate.monro.com, corporate.monro.com, corporate.monro.com, corporate.monro.com, www.facebook.com, twitter.com
www.bestonetire.com, www.bestonecommercial.com, www.bestonecommercial.com, www.bridgestonetire.com, www.firestonetire.com, www.bandag.com, www.continentaltire.com, generaltire.com, corporate.goodyear.com, www.michelinman.com, www.nexentireusa.com, www.toyotires.com, www.mastercrafttires.com, www.bridgestonetire.com, www.firestonetire.com, www.bandag.com, www.continentaltire.com, generaltire.com, corporate.goodyear.com, www.michelinman.com, www.nexentireusa.com, www.toyotires.com, www.mastercrafttires.com, www.bestonecommercial.com, www.bestonecommercial.com, www.bestonecommercial.com, form.jotform.com
www.kwik-fit.com, www.kwik-fit.nl, www.kwik-fit.eu, www.facebook.com, twitter.com, www.instagram.com, www.youtube.com
www.auffenberg.com, www.cloudflare.com
www.mopar.com, itunes.apple.com, play.google.com, dcperformance.com, www.dodge.com, dcperformance.com, store.mopar.com, www.amazon.com, dcperformance.com, store.mopar.com, www.amazon.com, blog.mopar.com, www.instagram.com, www.facebook.com, www.youtube.com, twitter.com, www.pinterest.com, blog.mopar.com, www.instagram.com, www.facebook.com, www.youtube.com, twitter.com, www.pinterest.com, dcperformance.com, store.mopar.com, www.amazon.com, dcperformance.com, store.mopar.com, www.amazon.com, blog.mopar.com, www.instagram.com, www.facebook.com, www.youtube.com, twitter.com, www.pinterest.com, blog.mopar.com, www.instagram.com, www.facebook.com, www.youtube.com, twitter.com, www.pinterest.com, store.mopar.com, store.mopar.com, www.wearmopar.com, www.chrysler.com, www.dodge.com, www.fiatusa.com, www.jeep.com, www.ramtrucks.com, fcagroup.my.site.com, fcagroup.my.site.com, fcacommunity.force.com, www.moparrepairconnection.com, www.dealers-mopar.com, dealerconnect.chrysler.com, www.fcagroupcareers.com, www.chrysler.com, www.chrysler.com, fcacommunity.force.com, www.chrysler.com, privacyportal-cdn.onetrust.com, www.stellantis.com, www.chrysler.com, www.alfaromeousa.com, www.dodge.com, www.fiatusa.com, www.jeep.com, www.ramtrucks.com, www.instagram.com, www.facebook.com, www.youtube.com, www.twitter.com, www.pinterest.com, blog.mopar.com, www.fcausautomobility.com, www.instagram.com, www.facebook.com, www.youtube.com, www.twitter.com, www.pinterest.com, blog.mopar.com
www.caranddriver.com
www.carmart.ng, www.facebook.com, twitter.com, instagram.com, www.facebook.com, twitter.com, pinterest.com, www.linkedin.com, www.tumblr.com, i0.wp.com, www.instagram.com, www.facebook.com, twitter.com, www.linkedin.com, pinterest.com, www.facebook.com, twitter.com, instagram.com
www.geico.com
www.inglewoodrepairs.com, www.facebook.com, twitter.com, plus.google.com, www.autoshopwebmasters.com, www.autoshopwebmasters.com, www.nolenwalker.com, www.copyscape.com, statcounter.com
www.allstate.com, allstatehealth.com, agents.allstate.com, purchase.allstate.com, purchase.allstate.com, purchase.allstate.com, purchase.allstate.com, purchase.allstate.com, purchase.allstate.com, purchase.allstate.com, purchase.allstate.com, nationalgeneral.com, quote.embracepetinsurance.com, www.markelinsurance.com, goreadyinsurance.com, purchase.allstate.com, allstatehealth.com, agents.allstate.com, myaccountrwd.allstate.com, www.allstaterewards.com, www.accessallstate.com, allstateflood.com, manageroadside.allstate.com, www.answerfinancial.com, www.arity.com, availcarsharing.com, www.encompassinsurance.com, nationalgeneral.com, allstatehealth.com, www.linkedin.com, www.facebook.com, www.twitter.com, www.youtube.com, www.instagram.com, www.allstatecorporation.com, espanol.allstate.com, roadside.allstate.com, manageroadside.allstate.com, purchase.allstate.com, purchase.allstate.com, www.allstatecorporation.com, www.allstatecorporation.com, nationalgeneral.com
www.mbchevymetairie.com, www.youtube.com, www.instagram.com, www.facebook.com, accessories.gm.com, parts.gmparts.com, www.google.com, www.youtube.com, www.instagram.com, www.facebook.com, www.google.com, www.mozilla.org, www.microsoft.com, blogs.windows.com
www.toyotaofdowntownla.com, www.cloudflare.com
www.halfords.com
www.mariettatoyota.com, www.cloudflare.com
www.fitandfix.com, blog.fitandfix.com, blog.fitandfix.com, wa.me, wa.me, apple.co, bit.ly, wa.me, www.instagram.com, www.facebook.com, www.youtube.com
wranglertjforum.com